عناني و أخو اسحق و أخو ياسر,AmirMoris
Pillow w eshrab mayeto,ZiadEl-Gafy
كفته صيامي,AmirMoris
El Helal Wel Saleeb Wel Masa2l,El-Ged_Sevawy
el3b balleh,DeadlyPillow
قفا و ركبه و مخده,Zuqa
MarlPillo,Maram
PRB,Rania
Starks Pillow,DeadlyPillow
STEMed Potatos,Abdelrahman_Etman
He S8id Man,abdelrahman001
Da3 IslamMohsen,Mostafa_ELbadawy
How Isaac met his M5da,IsaacMoris
Back Pillow,DeadlyPillow
ACPC 2021: Islams Pillow,islammohsen
YKeA,KhaledKEE
Bohotys Pillow,BohotySenpai
M5daAndTheFanBoys,BohotySenpai
Procrastinating BallPillow,Essawi
TripleTanammor,DeadlyPillow
Room 120,DeadlyPillow
Triple Dark Epsilon,DeadlyPillow
Triple Hashing,DeadlyPillow
Badawy Fanclub,KhaledKEE
Flaming Tomatoes,Black
aka aka,KhaledKEE
Captain Pillow,DeadlyPillow
3aKEEnanyElRashidy,NourElRashidy
separate team,MahmoudHamdyY
Egypt: Honorable Mention,MahmoudHamdyY
Habd Mode Activated,ayaNader
Make ACM 5er3a again,MahmoudHamdyY
1e-9,NourElRashidy
El Psy Congroo returns,KhaledKEE
Triple Mu,DeadlyPillow
Triple Dark KEE,KhaledKEE
Triple Dark Music,DeadlyPillow
:v,AmrMorsy2
"VK Cup 2017
 -12 = 1",mohamed.essam
-12 = 1,mohamed.essam
ana gy 2akol,AmrMorsy2
11345,Rabahjamal
Algo Rythyms,Hosamk92
KNB,Muhaammed_Emamm
El-3ela el-kpera,AmirMoris
Meow,Mark_Louba
0 Fe 3enak,abdelrahman001
Al-izAcc,Abdel-AzizMostafa
(I + C) * M,IsaacMoris
عودة البشه,Besh
Two I and an E,islammohsen
Too Wrong to pass Too Correct to fail,islammohsen
Justice League,LRyuzaki
Codey Manga,BohotySenpai
no team name,lerooo
ظظظظظظ,muhammedaly
char mander;,Heshamovic
Rating is just a number,lerooo
ABI,Abdelrhman_Akram
MIA,islammohsen
I am,muhammedaly
3atito fan club,islammohsen
Three Sannin,Uzumaki_Narutoo
EBZ Aftermath,Abdelrahman_Etman
MAB,Mostafa_ELbadawy
3 Colors,abdelrahman001
2 candi with a mango flipper,Abdelrahman_K
Not slow but lzy,Essawi
3agwa says hela hoba,lerooo
Berland State U: Flaming Tomatoes,yasminealmohandes
Habeeda Squad,Zuqa
Auschwitz,Zuqa
Team,AmirMoris
Corruptedly Saved,Beevo
Nescafe,Beevo
الوحدة الوطنية,El-Ged_Sevawy
يا رب,El-Ged_Sevawy
C++,Rania
OSM,Maram
Simple,islammohsen
ht3ml eh ya wa74 lw 2oltlk enna naymin a2al mn 3 sa3at,Zuqa
"Give me wrong, Give you spamming",-3en_7oras-
4.42,Zuqa
REMOVE ALL DA SINS,El-Ged_Sevawy
Trie Hard,Zuqa
3mo El-Judge,ZiadEl-Gafy
N.B.hucker,-3en_7oras-
"Fine, I will code it myself",DafuQ_o
3m Khwarizmi99,SaeedAl-Khwarizmi
99? K thats bizzare,Abdelrahman_K
wp noobs,amr_abdelazim
GG EZ,duper
ASM,HououinKyoumaII
Mofag2a_Msh_KdaO_o,DafuQ_o
Msh la2e asm,7eZb_ElNa7o
BD7,7eZb_ElNa7o
Hngebo_F_SHWAL,101_IQ
CTRL ALT DEFEAT,nora.ekramy
Retired but Not Tired,Abdel-AzizMostafa
HAZ,Zuqa
Moknet el manhal,Abdelrhman_Akram
3la ma tofrag,Beevo
Gryffind-OR,ZiadEl-Gafy
Nour e7na naymeen kwys,ZiadEl-Gafy
El coach Mariam w etneen 3ady,Beevo
Purge,amr_abdelazim
El Zuzzat,ZiadEl-Gafy
El-Coaches,Beevo
Here we go again,Abdel-AzizMostafa
ZGZ,GeorgeRaouf
No touch,Abdelrahman_K
Bl7a w tlmeezo,Abdel-AzizMostafa
EA October,Abdelrahman_Etman
Awlad Akram w Islam lel barmageyat,GannaWalaa
elly b3na w nam,nondeterministic
آخر كحكاية,nondeterministic
bolia,Madboly
holy بطه,Madboly
بطاطس زلزوليه,ZulaMostafa
كازينو الليل,Madboly
اصحي يا احمد يا صلاح,ZulaMostafa
batta 3azema btakol btates,amr_abdelazim
SpeedyPatates,Madboly
T3ala adl3ak 2oly eh hymn3k,DafuQ_o
Mission: Impossible - ICPC,DafuQ_o
maram w 2 kman,Maram
The name is left as an exercise,nondeterministic
Weathering with them,Youssif.Gamal
Sample Overflow,nondeterministic
50 Shades Of Cyan,-3en_7oras-
السرب,AmirMoris
Darkhorse,DarkTigerFAF
Tryhards and a procrastinator,AmirMoris
Heisenbergs,Uzumaki_Narutoo
Akatsuki,GeorgeRaouf
Uzumaki Family ❤️,Uzumaki_Narutoo
Brothers,Uzumaki_Narutoo
ACs Salad Please,HadyMosaad
name team,HadyMosaad
B Positive,Uzumaki_Narutoo
msm,Error_404
Unofficial Masters,Uzumaki_Narutoo
Dr. Sokaruto,Uzumaki_Narutoo
memeset,Uzumaki_Narutoo
3bderazIQ,__Kordy__
Prophecy of the Great Lord Elder,Uzumaki_Narutoo
Counter att-AC-k,Mark_Louba
wl3anaaa,Uzumaki_Narutoo
333,lerooo
F=0.5mu^2,Uzumaki_Narutoo
22 Happy Uzumaki,Uzumaki_Narutoo
IFHLC Gathering,Uzumaki_Narutoo
"2vs1 is not fair ,make it 4vs1 to be more fair :P",Uzumaki_Narutoo
NaruAli,Uzumaki_Narutoo
el3aq NaruHoss,3AQ
Bla bla bla,Uzumaki_Narutoo
"I(CPC , OI) next shinobi",Uzumaki_Narutoo
MeMes Set,ChickenDinner
ZzzzZZzzZZzz!,_HossamYehia_
ASU ( 2 + 2T ) Shinobi,_HossamYehia_
7th Team,__Kordy__
Peaky Blinders,ahmedAbuamra
kahwa 8nya tb3yn b-modadat lel aksda,ahmedAbuamra
2y 7aga xD,Uzumaki_Narutoo
Legendary now,islammohsen
The Dreamers - fakss,SaadAllah
*:msm*;,X-Ra-X
eMoTiOnAl dAmAgE,Maram
Zanussi,Maram
"yasser, ziad, we hagry",ZiadEl-Gafy
محبين الكفتة الصيامي و فول الصويا و امير موريس,Rania
savage واحد و عشرين,Zuqa
1 Imposter,Beevo
DSU - Dyslexic Soviet Union,Zuqa
Too correct to fail,Zuqa
3adda Ta7t Haiii,Rania
Tree logs,ZiadEl-Gafy
Patience limit exceeded,Zuqa
Archi,go_next
zzz,Maram
aa,go_next
wahd_akhdr,go_next
vscode,go_next
Ba3den,Youssefmorsi1
oppa-nset-a7rs,-3en_7oras-
K.N.B_3la_K.H.M,-3en_7oras-
bananas,mageds
veterans,zezoo050
ra3d,go_next
AZA,ammar7018
MMZ,mageds
Hazem Persil Powder,Rania
Blue In Blue,Rania
World Pillow Day,Maram
(╯°□°)╯︵ ┻━┻   ┻━┻ ︵╰(°□°╰),Maram
Enzly 3a4ra da8t,Maram
French Fries,Ahmed_Abdelmegeed
Corroded Potatoes,Maram
gymaya m4 fel 5basa,Zuqa
Berry Zoo,Zuqa
Shakespeares Problemset,Zuqa
Ducks,AliGhaleb
Fasting Power,Beevo
Tree Without Nodes,-3en_7oras-
etnen ACPC w wa7d ECPC :),Assem99
Triple AC,Assem99
Accepto Patronum,Abdelrahman_K
HelaHopa,Assem99
Mal2lna4 Esm Gbnalk Gargeer,GannaWalaa
meen 7aygeeb el lap,DejaVu
.,Assem99
Team C,Assem99
AAZ,HououinKyoumaII
MemeSet,GannaWalaa
Assembler;D,Assem99
______________,-3en_7oras-
fakes name,-3en_7oras-
Bug off,Abdelrahman_K
ZZZ,abdelrahman001
mma,amr_abdelazim
GAB,GeorgeRaouf
Undefined Behavior,amr_abdelazim
Semicolon,amr_abdelazim
Two_amr,101_IQ
زياد حلة البطاطس,Maram
El Barooka El Moharrama,Zuqa
Sandwich Kofta,Rania
Hummm ya gamal,Ahmed_Abdelmegeed
AFC Richmond,Maram
┻━┻︵ (°□°) ︵ ┻━┻,Ahmed_Abdelmegeed
2oras custard,Zuqa
Terry proved the wrong solution,Maram
طبق سلطة فواكه,AmirMoris
Enkzoneee,Ahmed_Abdelmegeed
MR,Rania
Early Birds,AmirMoris
Can we do better ?,AmirMoris
GAZفي اﻷن,Zuqa
^(=_=)^,Maram
يارب الشغف يرجع,Ahmed_Abdelmegeed
Mosem elReyad,Ahmed_Abdelmegeed
men 8er yasser,Ahmed_Abdelmegeed
Bein Sports,Zuqa
MAM,Maram
Unfortunatly 4 Stars,Alien_beard
MAY,Youssif.Gamal
Two candidate experts,nondeterministic
Ana wel Amigos,AmirMoris
logic error,Essmat
Sor3t submit,mageds
221B Baker Street,mageds
popo,ammar7018
Whites,Youssefmorsi1
basbosa bl mnesy,AmirMoris
fml,nondeterministic
Mo,nondeterministic
Tt-hack wala tnot mn el shobak,AZoOoNY
"Die, kstra",nondeterministic
Zulabucks,Zuqa
PigeonHoles,Tsetso
re7let el ba7s 3n zula,Abdelrahman_K
6 X 1,Mostafa_ELbadawy
Team ZZallzully,_Lumos
DIEjkestra,abdelrahman001
3yan by7el m3 mayet,Alien_beard
Meow Mode Activated,Abdelrahman_K
two mentors and a hot prospect,abdelrahman001
MeowOverFlow,ZulaMostafa
lotfy astna ya lotfy,muhammedaly
SOS,abdelrahman001
ZK001,abdelrahman001
Legacy,Khaled-Mohamed
koshary,Lama_Modar
LESSSSSGGGGGGOOOOOOOOO♥,ghandy
Catch_ME_OPPS::TLE,AZoOoNY
pablo,ghandy
ay haga,Gadallah__
MAZA,Maram
Mashed French Fries,Maram
Tertary Search,-3en_7oras-
Team name (English),Zuqa
Ehbedhaa_W_Ed3ii_Tgeebhaa,DejaVu
Victorys Secret,moumen21
B.O.T.s,TarekGamal
Kfaya Procrastination,abdelrahman001
PCB,Khaled-Mohamed
RMP,Khaled-Mohamed
Dr_Dark And the Procrastinators,_HossamYehia_
Geometric Compiler,Essawi
l7ad manla2y talet,Khaled-Mohamed
HLL%404,Khaled-Mohamed
while(++Procrastinators);,_HossamYehia_
The Procrastinators,KareemGhorab
team_2 ( ^ - ^),Maram
اي حاجة,Maram
Too wrong to pass,AmirMoris
moyu,Youssif.Gamal
History Defenders,-3en_7oras-
Coding After 6,nondeterministic
ohm,Hanaa
3adda Fo2 WoWoWooo,Youssif.Gamal
Rakuzan,M.Abdullah
Omai wa mou shinderu,nondeterministic
A bunch of newbies and a pupil,nondeterministic
1600_wanaBe,nondeterministic
kolo ya judge,wannaCry
devils walk,Moaaz2065
-_-DataBase-_-,shahpppp
temp,shehabkhalid
battery low,MahmoudHamdyY
Lemonaters,KhaledAshraf.
BitsBeats,Rabahjamal
gayeen n3ark el contest,-3en_7oras-
AccessMemoryViolation,DafuQ_o
Da8abfuq,beeka
los pollos hermanos !,andrewawni
dafuq andrew ?,andrewawni
Lesa sa7yeen,Yume
E4ta,Abdelrahman_K
Maysa7esh Keda,a1s3a
Guts,hyoussef
Unhandled Exception,ibrahim_habib
Ay 7aga,Mostafa_ELbadawy
White Sobya,abdelrahman001
PotHeads,HououinKyoumaII
Ben7el el DP akeno trivial zy Islam,ziad.khobeiz
Adham x Tsetso^2,ziad.khobeiz
7bayb islam 34an akram,GeorgeRaouf
ME,Mohmed_Salah
"rep(i,n)",MahmoudBassem
El Talta Tabta,LazyNagib
Habd2_Bokra,-MR_WHITE-
SEGMENT_TREE==TLE,Mohmed_Salah
We are back again,Mohmed_Salah
Clowns,Mohmed_Salah
Glitch,Yume
DSE(Disjoint Set Eiad),Don
Size Matters,Don
na2seen wa7ed,Eiad_Ahmed
IF ONLY WE WERE DUCKS,AliGhaleb
kasr_zero,Kerolloos
far2a3et_wedaan,-3en_7oras-
H_H,Bishoy_Sedra
ByeBye_World,Mr.Warraky
lefa,ghandy
trio,Hanaa
HAY,Hanaa
Los ACC Hermanos,ghandy
Auto filled,ghandy
Elly m3ah 3 fi El team fala7,Eiad_Ahmed
EYO,Youssif.Gamal
m7tag team,ammar7018
Elly mesh m3ana  fi El room fala7,Eiad_Ahmed
E^2,Emysaleh
Garen,Eiad_Ahmed
Newbies,Eiad_Ahmed
If only we were ducks,AliGhaleb
If Only We Were Ducks,AliGhaleb
HAM,adhaamehab
AHA,Gadallah__
m,Abdelrhman_ahmed7
Take a Byte,Don
esm,Hanaa
CodeSniff,Hanaa
tourist overrated,PANIC_
mabrouk 3mk,ahmedsaif10
return to_compete;,_.anonymous._
A3ml vector bdl array global,AmirMoris
رز بلبن فواكه,AmirMoris
امير و العائلة الملكية,AmirMoris
OS,AmirMoris
winlin,Youssif.Gamal
M4 bn3tmd asamy,Uchiha_Itachi25
Days_Gone,Uchiha_Itachi25
"greedy or not, it doesnt matter",Uchiha_Itachi25
2*M  Y++,Uchiha_Itachi25
Deadlock,OmarHafez
Enigma Coders,Abdallah_Ibrahim15
Train-ning,Mahmoud_Khater04
CPMayCry,mennathabet
abo_galabya_el_metarshm,PANIC_
Ma7ade4 Mohtam,PANIC_
Sahla Sahla,TheSleepyDevil
Code luck !,TheSleepyDevil
SAL,SaraMahmoud
Hugs For The Bugs,TarekGamal
TMP,ghandy
mahmoud ezzat,Islam.Saeed
CodeCraft,Error1st
Team 7,Error1st
submit w 2gry,Abdelrhman_ahmed7
AGO,Gadallah__
Trio,Gadallah__
FTW,Abdelrhman_ahmed7
Compilation Error,Error_404
GO,ammar7018
O(3),omarfarouk311
No Code No Life,ERRORsOverflow
DozOverFlow,ERRORsOverflow
A^3,ammar7018
ayhaga,Abdelrhman_ahmed7
Game Over,Rawan_Ahmed
xx,Abdelrhman_ahmed7
Say my name,-MR_WHITE-
Hot Shot,Karawia_
ZA,ZiadMohamed
test1,Bontos
El-Mangawaya,Mohamed_Hamad
Expecto Patronum,AhmedShakshak
Food Comes First,ChickenDinner
Legend Cards,X-Ra-X
The Fallout Coders,faroukm15
Hkon Ensan Gded,YousefElsherif
for-int-j,MarwanEzzat
Ya sba7 el ro3b,Salmatarek23
charZMH,Zeyadelgohary
Frawla Katkot + Otta,Ahmed1Galal
Frawla Katkot,Ahmed1Galal
Ctrl+Hack,Ahmed_Esmail
born_to_win,Ahmed_Esmail
"You want play, Lets play",Yousef_Sameh
Master Minds,Yousef_Sameh
Hakuna Matata,ahmedashraf74225
AN,Nourrrrr
Dont small us,Bishoy_Sedra
Meni Meni Meni,Shalaby
Intensive training,JoeSherif
Black Hole,Rabahjamal
BrainWars,JoeSherif
opp,Saher
Bugs,JoeSherif
meGz,Gadallah__
Overdoz,ghandy
AAA,ammar7018
da3f,Amrkhaled2025
لأ دي كدة بقت مسأله شخصيه,Bn_Gaber
To The Upper Limit,Bn_Gaber
Blue flame,Bn_Gaber
Geeks Overflow,Bn_Gaber
Code 404,ammar7018
akatsuki,Youssif.Gamal
ay 7aga,ghandy
Async Submit Await WA 2022,Omar.g
3ms,mostafahakim03
Vamos,Yasser_1
Team...,mego_o
Anti-Accepted,ammar7018
team,ammar7018
mafesh_asm,ammar7018
prac,ammar7018
akjdab,ammar7018
MM,Moaaz2065
Pairetsu,AhmedZaza
One-Two,Kareem_Mohamed
Need For Speed,higazy
HHH,higazy
what !!,higazy
KNIGHTS,mosllas
The_Strangers,Mohanadd1
Gym you gom3a,LazyNagib
OHN ARE COMING,LazyNagib
Hunt me if you can,Ziad24
PROBLEM SOLVERS,LazyNagib
ICE CODE,LazyNagib
MMG,GannaWalaa
Ghan-doz,ghandy
3ala allah,DrVito
e7na kadmon,DrVito
Practice,KareemEssam
Codona Matata,SkillZz_
Hat_Ballona,youssef_5at3an
Black-Serpent,Mhmd7syn
besh and the humbles,Besh
Test2020,MohamedMedhat21
only God knows,-MR_WHITE-
It should work now,DrVito
e7mina yarab,DrVito
THE_LAST,Mrwan02
0%Risk,Tayseer_Reda
Coding4life,Omaar_Mostafa
Crispy time limit,Akayiz
#includemanga,Mohamed_Hamad
One More Time of Bool Shift,AhmedMostafaNobi
play to fun,hassan_gelgel555
HZ,ziadsroor12p34
Codyyy Manga,ahmed-mahmed
Team Of ASU,Meow-
iRobots,Graph-ix
EX - STEMers,mennathabet
El-Dark music 7ram,transporter
Sudo Moto Ya Helwa Ya Batta,faroukm15
CS_Team,transporter
Al Shbrawya,Marwa_amin
6fingers,Makaty
Demons Loop,m.etsh
BinaryDarshZ,CraZyZaGan
Boolean,Shrouksalem
MMS,Marwan_MohiEldeen
void,Laggy_
Elshatara,Bishoy_Sedra
Maloosh_Essm,NoureenAboarab
Abdo_and_Omar,abdomohamed123
3lla allah,Minyawy
T3ala_Adek_Time_Limit,salmaashraf85
We_Are_Debugers,Bugs_Limit_Exceeded
3ala_allah_coders,Karawia_
Laziness Overflow,Zeyad-Khaled
CPP SOFRA,Ziad24
CPP Sofra,Ziad24
Almost Accepted,emanawaad2001
Habdd,emanawaad2001
LOL TEAM,Abo_Selimzzz
Fofa,BohotySenpai
el7ad 012,Abdelrahman_Etman
M5da Fun Club,BohotySenpai
BoSalah,BohotySenpai
Babies,BohotySenpai
3 x 1,islammohsen
Etman fan club,islammohsen
1st Place,Abdelrahman_K
In tribute to AK AK,3agwa
3AM,lerooo
team1,ayaNader
FFT,MahmoudAli
random,Slifoor
Memory Overflow,MahmoudHamdyY
Make Randomization Great Again,ahmedAbuamra
Retirees,zetamoo
DeathlyYazKee,YazanRi
Tau,xa.mohsen
keeElRashidy,NourElRashidy
TsukeenamiElRashidy,NourElRashidy
tsukeenami,KhaledKEE
Kee Folder,KhaledKEE
Bikya,KhaledKEE
FCIS ASU: KOKOs,hyoussef
"VK Cup 2015
 FCIS ASU: zetamoo sons",KhaledKEE
FCIS ASU: zetamoo sons,faroukm15
Team B,GannaWalaa
Minimum Spamming Three,ziad.khobeiz
Sa3t El Sefr,abdelrahman001
3 x A,abdelrahman001
Why Not?,M.Ibrahim_
69e27,Abdelrahman_Etman
Have fun,GeorgeRaouf
AGM,abdelrahman001
habd m4 greedy,Abdelrahman_K
Batoot 34an Islam,GeorgeRaouf
Temporary,Abdelrahman_K
NaN,Mostafa_ELbadawy
GMT,GannaWalaa
Koko++,osama.afifi
zetamir,zetamoo
Mesh e-ooglers,zetamoo
Bob Loblaw,zetamoo
ziamoo,zetamoo
BDD_DONE,Nada
Han3lem 3leeko,zetamoo
mafish sa7eb yetsa7eb,zetamoo
nagaf,NourElRashidy
Tau^42,zetamoo
MathHeads,Nada
Hane2fel_elsa3a_8,-3en_7oras-
WE_ARE_EGYPT,-3en_7oras-
PST Training,-3en_7oras-
eslam el expert w shady el newibe,Islam.Saeed
Tsunami 7oras,-3en_7oras-
ace hunters,-3en_7oras-
surprise mother hacker,-3en_7oras-
hbdaway,-3en_7oras-
two experts :(,-3en_7oras-
GG Well Played,Error_404
Couples,Error_404
Black Lives Matter,Error_404
compiler shaf wolf missing error,Error_404
WeAreWillingToTakeTheRisk,Error_404
KEC,Khaled-Mohamed
Compilation Error missing (slifer),Slifoor
Errorvic001,abdelrahman001
3arror_001,abdelrahman001
Raster El Contest,3AQ
elCode elAzr2,ChickenDinner
Losers,Reham_Mohamed
Fageroo0000000000oon,300.0E
alga7edoon 3:),Black
#Wait for-300-Err00R,l-l_A_S_l-l_E_M
0e-15,abdelrahman001
ZEGGY,abdelrahman001
3 x Spamming Meme x 1,GannaWalaa
4mmkn 3ala 8adr Codeforces :D,ziad.khobeiz
Super EOIers,ziad.khobeiz
2ftks,abdelrahman001
msh ma32ol ya zula,muhammedaly
rand() % TeamNames;,3agwa
FourTheWin (FCIS Ain Shams),muhammedaly
3azl asyot xD,muhammedaly
koshry shatta,KhaledMohamed_
int elligence;,ayaNader
The AC Squad,yasminealmohandes
team2,yasminealmohandes
#Define O(1) Fankoosh;,islammohsen
Napkins,Ahmad3
Coding Knights,islammohsen
Ya 7alawa,yasminealmohandes
Shinigamis,mohamed.essam
ACPC_2014 (Egypt IOIers),mohamed.essam
TsunamiElRashidy,NourElRashidy
Lamma nshoof a5retha,YazanRi
In name of whom is men el awa2el 3al 3arab msA 3leh,faroukm15
The House,Omar
Team #45646254,ahmedAbuamra
team 1,3agwa
Al qademoon mn el 5alf,_HossamYehia_
TooNoobsToBeJudged,karimelghazouly
hope,KhaledMuhammad
Const int eps,7eZb_ElNa7o
MGM,_Lumos
Ashraf,GeorgeRaouf
ハキ,_Lumos
JanKen,HoldMyPair
no2ta,MinaToma
GeeKy alternating bits,abdelrahman001
old is gold,GeorgeRaouf
#define NP,Mark_Louba
Samakt El Tuna El 3neda,andrewawni
2 5also geish wa wa7d lesa hy5osh,AmrMorsy2
Baba ghanoog!,AmrMorsy2
Salata -1,Amr.Ayman
Shawerma,Amr.Ayman
Salata,Amr.Ayman
first time,Amr.Ayman
TAM,CodeTamer
_CPC++,IsmailSamir.
shabrawy,Guts
MSGTH,a1s3a
"Ya contest leme elsh2awa, ya contest kfaya asawa",lerooo
Definitely Not [[fakss]],yasminealmohandes
short Memory;,ayaNader
Hoba,3agwa
DAKAR THACKAR EL HACKAR EL DAKAR,RamezNabil
Yare Yare Daze,DejaVu
zn2a mode,GannaWalaa
أشجار هشام السعيد,DejaVu
فلاحين في دنيا المسابقات,DejaVu
ياما نفسي أعيش فلااح,DejaVu
Shitty Noga,DejaVu
De7k bela shagar,DejaVu
H2SO4 The Win,DejaVu
SMG,GannaWalaa
Dahshour-Heiksteb vs e3fa,Alien_beard
Wrong Answer fe 3enak,Marwan_MohiEldeen
hangebhom fe log(n),andrewawni
ZM,andrewawni
team name,muhammedaly
Zular LEROVIC,Heshamovic
Evil Potatoes,lerooo
Team_el_team,_HossamYehia_
Bomba,Da7y
Div2,AmrMorsy2
De sahla awi,Da7y
2atr 6 Ella Telt,Timelimit-
Whats Our name !!!!!!!!!!!!!!!!,7eZb_ElNa7o
H2O,Reem_Hany
Triple H,KingOfWrongAnswer
Stuck Fo2 Sat7 El Wad 7amada,JoeSherif
satansquare,Hosamk92
WAY,ahmedAbuamra
Salmly 3l 7egag wl A3zar,Mr_Boombastic
AWM,WaleedEhab_ChelseaFC
Try Directed By Robert B. Weide,WaleedEhab_ChelseaFC
GWT,GannaWalaa
X,Yume
ay7aga,Slifoor
Batates,mariamzekry
101,mariamzekry
Test,IsmailSamir.
D13,yasminealmohandes
3 azayez maya,Marwan_MohiEldeen
Team fe korh DR hashem,Rawan_Ahmed
3awageez elContest,Alien_beard
ًًWrong answer ninjas,Salmatarek23
Al Talta Momken,100_FasterRate
3 idiots,100_FasterRate
Ya rab el Locals tet2agel,Rawan_Ahmed
Basiouny Basiouny,Rawan_Ahmed
3la allah ada2na,Rawan_Ahmed
Islam Mohsen Gameel,Heshamovic
"El bel3oom, Sponsored by Mandolin, Y2 ?? !!",Heshamovic
haha,abdelrahman001
mes23a xD,muhammedaly
elderebe2,mohamed_alaa22
enta eh r2yak?,Mr_Boombastic
cout  teamName;,Mark_Louba
4 fun,ahmedAbuamra
Bal7a,AnasAbbas
Sla7f L Ninja xD,ahmedAbuamra
Hello World,Mr.Complex
A7fad Gmal Abd El Naser,MinaToma
Ga7a,MinaToma
Korte El Bo3Bo3,3AQ
Brain Not Found,X-Ra-X
The Ms,Mr.Complex
L2 WAS3 ANTA !!,YoussefKayyali
complifer,Slifoor
Code-Bug,Slifoor
High Potential Kiddos,AbdoMahfoz
Brackets(4),__Kordy__
Brackets(3),__Kordy__
What does the Bug say?,Black
Brackets,__Kordy__
Tomateam,Yume
Maldivers,KhaledMohamed_
Fankoosh,hazemkhairy
Wasa3 Yala,AymanZaki
Attack on Titan,M.Abdullah
JOY,OlaAdel
Zalatians,Lama_Modar
Stuck fo2 sat7 el wad 7amada,JoeSherif
Try And Error,M.Ibrahim_
RAM,Mostafa_Hussien
shell coder,AnasAbbas
ana baba yala,abdelrahman001
team el de7k,_HossamYehia_
All For One,_HossamYehia_
Hossam^101,_HossamYehia_
7moda_Pasta,_HossamYehia_
losers22,_HossamYehia_
Hossam22,_HossamYehia_
el so7ab,_HossamYehia_
Devsquads 1,Omar
2erd Beysa2af Gowwa,Omar
Basbosa,Omar
Not Ready Yet!,Mohammed_Abdallah
STARBUGS,Salma_Essa
so scared,Black
matador,shereenfathy
Welad Rezk,hyoussef
human,Da7y
KingsOfWrongAnswer,Abdalrahman.323
TREE,abdoelgammal
Destructive Force,KingOfString
hMe,mariamabouzeid
tmptmp,Mo3taz
What the Bug!!:,Bedoazim
What The Bug!,Bedoazim
GGB,Gray_Wolf
Dirty Bits,DeathNight
THM,CodeTamer
3la wad3hom,MostafaMohamedAhmed
0x2A,MostafaMohamedAhmed
Hakuna matata,AhmedSamir.1907
shrek,StartAllOverAgain
all is well,StartAllOverAgain
Aviato,Ahmed_Araby
Talat_Fnlaat,StartAllOverAgain
2 is Enough,100_FasterRate
bey2ollak marra,100_FasterRate
wrong answer test case -1,100_FasterRate
ay btngan,Black
Destructive force,KingOfString
Triwizard Coders,Black
Batee5a,AlaaAshraf
The 4th Idiot Rises,HassanAzzam
Ha3,a1s3a
coders_creed,mo7md5aled
abnormal_team,mohamed_alaa22
+100 XP,Graph-ix
Rulers Of The Dark Dimension,DeathNight
Surprise!,mariam_hikal
Humunga Dunga,Conda
ImperialSoliders,Conda
time limit,khaled_sherif
مره واحد اتنين تلاته,Marwan_MohiEldeen
zeet hbad el-shams,moumen21
Habood 3la El-7dod,moumen21
Iron Frogs,Mohammed_Abdallah
No_One_Cares,Kamal.Saad
Btats M7mra,Mohammed_Abdallah
El-Mhbdtya,Mohammed_Abdallah
Three Punch Men,MohammadAmr
LoL,Shref_Elsheikh
Ranos,karimelsayed
Keep Calm And  Code,Shahd_Moemen
TAO,AbdelrahmanEldakrony
Ay7agaa,Musta_Mohamed
7amboZo_NextYear,Hesham.elsahhar
H.M.H,Musta_Mohamed
أنا بابا يلا,Saher
Code Of Duty !,Musta_Mohamed
The Three Monkeys,ahmedwaheed
watevz,Emanalaa
Runtime Terror!,ahmose
Veni Vidi Vici,ahmose
Here is Johnny!,ahmose
The half blood iodits,HassanAzzam
3 Idiots,a1s3a
loneliness (without mario :(  ; ),X-Ra-X
D_SH,shereenfathy
kooky,sarah_fathy
NULL,MohamedMaherEid
Al Mohamed,nadam7md
Bugs Limit Exceeded,r2_d2
work_harderrrrrr,ChickenDinner
kane4 we konafa,300.0E
Wait-Us-Icpc,l-l_A_S_l-l_E_M
Focus,ChickenDinner
Runtime terror,Retired_NarutoElMatria
TBH,TarekGamal
fireflies,Rawan.Ashraf
Insomnia,OmarHafez
NerVuTree,DejaVu
MEGA-H,JEMMY
TWO,ahmose
The Three Musketeersl3,DejaVu
The Three Musketeers l3,DejaVu
egyptian pharaohs,GhostJerico
BULLSHIT,Akmalahmed341
End Time,Adam
Legends Never Die,DeathNight
brothers,hyoussef
NeedForSpeed,hyoussef
runers,hyoussef
whatever,a1s3a
rabena youstor,Ahmed_Araby
Crackers,ahmose
Hell,Arslaan
13,a1s3a
Procrastinators,ibrahimsharaf
test,a1s3a
GTC,zeyadetman
kung fu panda,Da7y
Sera3 mn agl el baka2,Salmatarek23
Hazem Hazem,Salmatarek23
The Masters Team,Marwan_MohiEldeen
Blazing Coders,Mohamed_Alaa_Kandeel
Hacktoberfest,YouhannaEssam
Fireflies,Islam.Saeed
Brackets(3.5),__Kordy__
DeepWeb _Ya_Raye2,__Kordy__
MXZACR,CraZyZaGan
Kamikaze,PentaAccept
HakonaMatata,PentaAccept
Whatever,PentaAccept
Overflow,PentaAccept
3 Wise Monkeys,Reem_Hany
AlphaTeam,Reem_Hany
Fighters,abdallah.magdy
Mahmouds,MahmoudMMH
int i=0,GannaWalaa
Kings,eman_shehta
Thanks alot,eman_shehta
"Huh,women",eman_shehta
CalmaCalma,_Again__
MME,etoo
NMN,NAiRA_H_ZAKi
GOATS,Menyawi
dp_lovers,Islam.Saeed
Avatar Fan Club,Islam.Saeed
MVPs,Islam.Saeed
Team Bystanders 2021,Omar.g
nourhan wa nada 3ade gedan,Nada_Gado
MshLa2eenEsm,taghreed_reda
_LazyCoders_,Senku_Chan
Victoria Defeaters,Magdy98
M.S.A,Mohammed_Abdallah
wallahy ya sa7by elpenalty ydobk,Retired_NarutoElMatria
mindwrap error,Retired_NarutoElMatria
newbieTeam,MahmoudReda
Give~A~try,Mohamed-Mahmoud
anonymous,MahmoudReda
Gatling 101,ibrahimsharaf
eldebba elpanda,Black
bla bla bla,Black
A.E.M,Musta_Mohamed
train,esraahassan19
Zero Problem Solved,Mo2a
int OR feed,-Zo7le2a.
tiny dream,DPTouchedMySpaget
RedCapes,Changed_Later
Just Try!!,kholoudsayed1998
Attack on hack,ahmedheltaher
SMH,shehabkhalid
noooooobsXD,shehabkhalid
Bi-A,Salo7a
TripLe..A,Salo7a
el_a4ba7,Salo7a
habda mortada,101_IQ
Zero_IQS,101_IQ
Team Failure,101_IQ
Teen_Titans,Abanoub_Asaad
MTU,Besh
Negative Zero,Abanoub_Asaad
#hash_code,AhmedSamir.1907
MMs,MaiNabil
Magedy,mageds
mosh_3arf,ProLog_Coder
Take It Faster,ProgramerAbdelrahman
finders,ProLog_Coder
Submit w 3ala allah,Rafik-Nasr
el7amdollelah tmam,Rafik-Nasr
ARR,Rafik-Nasr
ATM Coders,AbdoEltawil
Two Abdelrahmans one mahmoud,AbdoEltawil
NoBadVibes,RESSAY
WeShowedUp,SaraMahmoud
Codzzz,LamaElMalatawy
Crypto,MaiNabil
3#,ahmed.rabie1234
for-int-i,MarwanEzzat
The illustrious,Mrwan02
Access memory violation,NadaYoussef
Great name pending,NadaYoussef
flaming potatoes,MohamedMedhat21
HULK,Asmaa_Elbadry
Crazy team,Asmaa_Elbadry
Dark Warriors,Mahmoud_khaled
Here for fun round 2,arwaalaaeldin
7asen codna gamed seka,arwaalaaeldin
3om w etm5tr,SaraMahmoud
Hunters,Eng_Barhoma
4-ACC,mosllas
3lfCPC,HoldMyPair
blind,Abdo_Bahnasy
Fridawy,XxMr_ErR0rxX
SpaghettiCode++,mr_ping_pong
BigO,Abdalrahman.323
Truth,Abdalrahman.323
3la almashy,ShahdAshraf
Run Time,.dave
The Champions,AIGO
AY_7aga,mohamed.taher22
ODELS,Kevoc
LETS COMPETE,Reham_Mohamed
MXAs,MohamedMedhat21
konoha,Hazar6
ShayOverFlow,Mohamed-Gamal21
Frute Borce,Mohamed-Gamal21
GOATeam,ahmedmamdouh_
friends,NAiRA_H_ZAKi
BIOHACKERS,zeyadmollto
yad_Ya_So3yr!!!!!!!:-0,_Again__
Seekers Team,_Again__
Guardians of the Galaxy,aboSalah
A.A,abdelrahman10101hesham
EOM,omarelgebali
5 motwa7den,NAiRA_H_ZAKi
